piece_count,date_released,genre,genre_popularity,price,price_per_piece,units_sold
2981,2016-05-16,Technic,0.8,388.68,0.1304,67
1137,2001-04-22,Friends,0.9,167.26,0.1471,72
3014,2001-07-23,Marvel Super Heroes,1.2,298.78,0.0991,128
1000,2001-01-11,Harry Potter,1.1,124.21,0.1242,86
3353,2013-06-19,Friends,0.9,397.87,0.1187,67
338,2019-02-11,LEGO City,1.0,46.24,0.1368,58
2674,2002-11-01,Friends,0.9,316.95,0.1185,59
1103,2010-05-02,Friends,0.9,119.55,0.1084,80
2040,2010-02-06,Star Wars,1.3,251.64,0.1234,98
1110,2021-09-23,Harry Potter,1.1,103.94,0.0936,107
2596,2019-07-13,Star Wars,1.3,252.35,0.0972,134
1753,2001-02-02,Friends,0.9,225.91,0.1289,76
3796,2022-12-14,Technic,0.8,459.66,0.1211,73
3851,2005-08-29,Marvel Super Heroes,1.2,451.29,0.1172,97
2928,2007-08-02,Technic,0.8,434.76,0.1485,46
1674,2007-02-05,Harry Potter,1.1,143.0,0.0854,128
4613,2017-04-26,Technic,0.8,610.2,0.1323,63
1583,2019-07-11,Friends,0.9,147.96,0.0935,104
1692,2002-04-14,Technic,0.8,227.16,0.1343,80
971,2018-09-10,Friends,0.9,137.88,0.142,66
4045,2021-03-18,Marvel Super Heroes,1.2,427.91,0.1058,109
1821,2000-02-28,Marvel Super Heroes,1.2,147.92,0.0812,150
634,2004-04-20,LEGO City,1.0,63.14,0.0996,105
2949,2003-02-18,LEGO City,1.0,413.78,0.1403,82
3419,2017-05-05,LEGO City,1.0,401.89,0.1175,75
3574,2017-03-26,Star Wars,1.3,323.03,0.0904,143
2741,2009-04-17,Friends,0.9,376.74,0.1374,54
2280,2000-01-02,Harry Potter,1.1,236.9,0.1039,116
2282,2005-04-02,Technic,0.8,208.85,0.0915,93
417,2021-09-16,Technic,0.8,45.67,0.1095,57
1315,2001-05-19,Technic,0.8,131.12,0.0997,78
4623,2019-03-03,Technic,0.8,394.03,0.0852,106
3452,2015-03-28,Friends,0.9,299.71,0.0868,86
580,2000-05-03,Marvel Super Heroes,1.2,74.93,0.1292,73
1870,2019-03-23,Star Wars,1.3,246.78,0.132,84
375,2023-05-09,Star Wars,1.3,53.48,0.1426,90
2662,2000-03-30,Technic,0.8,371.44,0.1395,53
4365,2004-09-23,Marvel Super Heroes,1.2,535.01,0.1226,97
971,2011-06-25,Star Wars,1.3,138.1,0.1422,78
1557,2010-12-25,Harry Potter,1.1,148.6,0.0954,110
1782,2012-08-29,Technic,0.8,142.67,0.0801,101
3662,2003-03-20,Technic,0.8,391.83,0.107,66
3038,2007-03-08,LEGO City,1.0,370.81,0.1221,84
962,2007-06-13,Harry Potter,1.1,106.64,0.1109,92
4692,2023-02-20,Technic,0.8,671.5,0.1431,55
4893,2018-10-22,Harry Potter,1.1,675.8,0.1381,83
1587,2020-04-25,Technic,0.8,160.66,0.1012,104
3702,2022-01-14,Technic,0.8,482.17,0.1302,55
1053,2019-12-31,Harry Potter,1.1,88.42,0.084,112
3786,2013-03-01,Marvel Super Heroes,1.2,352.89,0.0932,125
4853,2019-11-13,Marvel Super Heroes,1.2,695.94,0.1434,76
1496,2005-03-03,Friends,0.9,181.94,0.1216,79
2462,2012-02-29,Marvel Super Heroes,1.2,286.61,0.1164,113
4323,2005-01-14,Technic,0.8,401.83,0.093,77
4389,2006-03-16,Marvel Super Heroes,1.2,458.12,0.1044,126
3639,2011-09-16,Marvel Super Heroes,1.2,305.57,0.084,139
2033,2006-06-12,Star Wars,1.3,175.17,0.0862,138
499,2002-01-05,Marvel Super Heroes,1.2,56.01,0.1122,94
232,2023-09-27,Marvel Super Heroes,1.2,25.68,0.1107,99
1712,2009-10-29,LEGO City,1.0,238.8,0.1395,64
1471,2001-11-03,Marvel Super Heroes,1.2,206.6,0.1404,98
1232,2006-07-12,LEGO City,1.0,158.91,0.129,78
4400,2004-12-17,Technic,0.8,380.08,0.0864,84
3856,2000-01-20,LEGO City,1.0,485.79,0.126,88
2511,2015-05-20,Star Wars,1.3,293.72,0.117,99
520,2009-01-29,Star Wars,1.3,72.87,0.1401,93
1815,2000-11-26,Technic,0.8,172.65,0.0951,82
2387,2013-11-29,Technic,0.8,256.12,0.1073,78
4108,2007-08-20,Harry Potter,1.1,457.7,0.1114,99
4825,2013-08-24,LEGO City,1.0,702.83,0.1457,77
2260,2023-04-12,LEGO City,1.0,194.87,0.0862,103
4811,2023-04-15,Harry Potter,1.1,473.88,0.0985,108
3765,2012-10-19,Technic,0.8,461.25,0.1225,59
487,2013-04-06,Technic,0.8,50.43,0.1035,70
913,2014-04-22,Harry Potter,1.1,96.67,0.1059,82
430,2014-07-11,Marvel Super Heroes,1.2,38.42,0.0893,120
4815,2003-01-07,Harry Potter,1.1,438.51,0.0911,127
4976,2012-05-03,Marvel Super Heroes,1.2,660.98,0.1328,85
1019,2022-04-15,LEGO City,1.0,144.57,0.1419,75
4195,2022-06-03,Marvel Super Heroes,1.2,394.13,0.094,139
682,2021-12-12,Friends,0.9,75.53,0.1108,84
1206,2011-08-14,Star Wars,1.3,174.06,0.1443,83
2067,2000-10-24,Marvel Super Heroes,1.2,175.19,0.0848,124
2714,2020-09-12,Friends,0.9,261.15,0.0962,87
2568,2004-06-15,LEGO City,1.0,363.41,0.1415,55
2791,2023-08-30,Harry Potter,1.1,231.73,0.083,135
2941,2002-08-30,Star Wars,1.3,251.59,0.0855,154
4550,2020-03-31,LEGO City,1.0,579.4,0.1273,101
4124,2014-03-21,LEGO City,1.0,331.54,0.0804,122
928,2015-07-25,LEGO City,1.0,133.02,0.1433,65
345,2021-12-10,Technic,0.8,31.83,0.0923,85
3716,2001-11-05,Technic,0.8,388.37,0.1045,62
960,2018-12-23,Star Wars,1.3,130.3,0.1357,96
3760,2003-10-31,Friends,0.9,445.62,0.1185,79
3888,2019-03-26,Harry Potter,1.1,337.27,0.0867,142
343,2013-01-01,Star Wars,1.3,39.03,0.1138,129
1372,2018-01-31,Technic,0.8,135.1,0.0985,77
4040,2014-10-23,Star Wars,1.3,337.85,0.0836,155
3975,2018-03-25,LEGO City,1.0,338.0,0.085,127
1434,2019-07-19,Star Wars,1.3,164.58,0.1148,125
2910,2010-08-02,Friends,0.9,346.27,0.119,75
241,2017-07-11,Technic,0.8,22.24,0.0923,78
229,2017-12-04,Marvel Super Heroes,1.2,26.53,0.1158,118
3848,2001-12-18,Star Wars,1.3,441.65,0.1148,110
3378,2004-09-26,Technic,0.8,479.22,0.1419,53
4332,2005-12-31,Marvel Super Heroes,1.2,493.2,0.1139,82
2580,2018-08-23,Marvel Super Heroes,1.2,321.34,0.1245,79
4441,2006-05-31,Marvel Super Heroes,1.2,593.34,0.1336,93
755,2020-11-08,Friends,0.9,63.38,0.084,128
1903,2010-12-08,Technic,0.8,258.37,0.1358,76
2575,2020-04-07,Harry Potter,1.1,333.76,0.1296,80
237,2004-02-04,Star Wars,1.3,32.29,0.1363,103
4922,2018-12-01,Friends,0.9,466.9,0.0949,96
1573,2022-06-15,LEGO City,1.0,230.78,0.1467,76
848,2022-07-01,LEGO City,1.0,70.32,0.0829,116
1037,2015-07-01,Star Wars,1.3,132.3,0.1276,119
75,2014-06-23,Marvel Super Heroes,1.2,8.75,0.1166,83
4716,2016-06-20,Harry Potter,1.1,408.73,0.0867,133
940,2019-10-29,Harry Potter,1.1,115.56,0.1229,82
4785,2020-08-24,Harry Potter,1.1,687.31,0.1436,71
4480,2020-08-04,Star Wars,1.3,586.0,0.1308,95
4829,2007-03-10,Harry Potter,1.1,426.64,0.0884,113
2148,2005-05-21,LEGO City,1.0,238.17,0.1109,91
1473,2014-02-17,LEGO City,1.0,164.27,0.1115,78
300,2021-10-29,Star Wars,1.3,27.11,0.0904,124
1476,2016-01-26,LEGO City,1.0,161.37,0.1093,86
3349,2009-09-14,Marvel Super Heroes,1.2,296.45,0.0885,135
3395,2006-06-30,Harry Potter,1.1,379.8,0.1119,85
189,2013-01-03,LEGO City,1.0,15.38,0.0814,133
3109,2014-09-22,LEGO City,1.0,330.85,0.1064,101
575,2008-01-15,Friends,0.9,74.88,0.1302,63
1292,2001-10-22,LEGO City,1.0,163.16,0.1263,70
4924,2013-01-06,Star Wars,1.3,695.55,0.1413,97
1618,2020-10-21,Technic,0.8,218.54,0.1351,65
2167,2013-06-17,LEGO City,1.0,216.47,0.0999,105
1288,2003-03-14,Marvel Super Heroes,1.2,117.29,0.0911,130
2124,2001-12-23,Technic,0.8,283.41,0.1334,66
2964,2022-10-15,Star Wars,1.3,280.73,0.0947,133
4404,2023-07-02,Harry Potter,1.1,626.25,0.1422,96
4700,2003-01-22,Marvel Super Heroes,1.2,530.78,0.1129,107
3489,2010-09-20,Star Wars,1.3,450.96,0.1293,109
3289,2019-02-27,Friends,0.9,296.73,0.0902,98
2107,2009-11-04,LEGO City,1.0,255.41,0.1212,86
4966,2017-09-29,Technic,0.8,592.67,0.1193,59
2021,2004-07-20,Harry Potter,1.1,266.44,0.1318,99
354,2000-12-14,Marvel Super Heroes,1.2,48.45,0.1369,82
3155,2009-12-22,LEGO City,1.0,313.91,0.0995,119
4029,2017-09-02,Harry Potter,1.1,466.98,0.1159,92
1157,2013-01-01,Marvel Super Heroes,1.2,121.55,0.1051,105
1423,2019-08-19,Technic,0.8,156.16,0.1097,62
4821,2022-07-03,LEGO City,1.0,427.89,0.0888,97
3478,2001-08-02,LEGO City,1.0,362.86,0.1043,90
3707,2004-08-16,Marvel Super Heroes,1.2,320.35,0.0864,140
2016,2008-02-12,LEGO City,1.0,199.15,0.0988,104
1522,2009-05-28,Friends,0.9,212.32,0.1395,64
2653,2006-11-07,Harry Potter,1.1,270.0,0.1018,103
150,2005-02-03,Technic,0.8,17.52,0.1168,62
3750,2000-07-17,Marvel Super Heroes,1.2,465.79,0.1242,96
1094,2003-04-03,LEGO City,1.0,162.69,0.1487,61
4391,2016-08-31,Friends,0.9,479.99,0.1093,80
1283,2008-05-11,Friends,0.9,110.97,0.0865,109
1422,2014-12-13,Harry Potter,1.1,169.11,0.1189,110
3727,2008-11-06,Friends,0.9,386.88,0.1038,106
718,2002-07-23,Friends,0.9,75.14,0.1046,65
557,2020-04-01,Technic,0.8,75.65,0.1358,55
3807,2005-06-22,Star Wars,1.3,400.48,0.1052,120
392,2009-02-08,Star Wars,1.3,52.28,0.1334,102
4039,2004-08-25,Technic,0.8,373.75,0.0925,93
2240,2010-03-03,Friends,0.9,243.84,0.1089,90
4235,2018-02-13,Marvel Super Heroes,1.2,428.14,0.1011,101
3008,2009-01-20,Star Wars,1.3,425.02,0.1413,90
2075,2021-08-02,Harry Potter,1.1,226.46,0.1091,89
3914,2002-09-05,Marvel Super Heroes,1.2,541.38,0.1383,106
1009,2004-12-25,Friends,0.9,95.83,0.095,95
1708,2014-05-12,Star Wars,1.3,241.49,0.1414,71
2837,2014-09-06,LEGO City,1.0,295.93,0.1043,99
2554,2015-05-08,Technic,0.8,242.91,0.0951,74
4241,2011-10-29,Marvel Super Heroes,1.2,549.04,0.1295,114
2706,2016-06-02,Technic,0.8,378.82,0.14,61
3259,2000-03-17,Star Wars,1.3,342.34,0.105,128
4623,2018-04-02,Friends,0.9,567.73,0.1228,79
3377,2005-10-10,Harry Potter,1.1,371.44,0.11,99
3867,2005-07-23,Friends,0.9,564.63,0.146,71
3848,2004-04-22,Harry Potter,1.1,428.38,0.1113,107
1634,2004-02-10,Star Wars,1.3,229.25,0.1403,94
2242,2003-04-27,Technic,0.8,317.55,0.1416,45
3933,2010-06-21,Marvel Super Heroes,1.2,503.13,0.1279,111
1654,2009-02-21,Harry Potter,1.1,230.6,0.1394,72
3477,2012-08-31,LEGO City,1.0,325.18,0.0935,101
3769,2003-05-01,Technic,0.8,426.76,0.1132,70
3785,2012-02-06,Technic,0.8,472.27,0.1248,60
3360,2004-12-21,LEGO City,1.0,440.39,0.1311,65
1459,2016-04-05,Technic,0.8,126.45,0.0867,80
1591,2007-08-03,Technic,0.8,146.95,0.0924,82
1998,2006-10-19,Harry Potter,1.1,220.15,0.1102,110
3786,2013-05-05,Friends,0.9,554.74,0.1465,74
1180,2021-05-02,Friends,0.9,100.58,0.0852,90
2729,2000-09-03,Technic,0.8,352.8,0.1293,55
2040,2009-11-19,Harry Potter,1.1,227.18,0.1114,99
2079,2004-01-29,Star Wars,1.3,270.87,0.1303,100
1469,2009-07-10,Friends,0.9,202.49,0.1378,75
3355,2017-01-06,Friends,0.9,324.19,0.0966,72
582,2015-07-10,Friends,0.9,60.79,0.1044,71
4991,2005-02-28,Marvel Super Heroes,1.2,689.4,0.1381,106
293,2015-11-14,Technic,0.8,23.52,0.0803,96
4571,2013-09-16,Marvel Super Heroes,1.2,616.4,0.1349,85
3401,2004-10-22,Friends,0.9,421.53,0.1239,68
2718,2015-11-22,Friends,0.9,242.43,0.0892,95
1813,2022-01-14,Star Wars,1.3,215.2,0.1187,109
4583,2006-04-02,Marvel Super Heroes,1.2,615.73,0.1344,82
2798,2008-04-05,Marvel Super Heroes,1.2,278.45,0.0995,117
3372,2002-08-29,Harry Potter,1.1,318.09,0.0943,131
3311,2005-03-07,Harry Potter,1.1,427.72,0.1292,102
2502,2011-04-22,Star Wars,1.3,266.56,0.1065,126
2030,2018-04-17,Friends,0.9,221.99,0.1094,65
147,2022-08-29,Star Wars,1.3,14.65,0.0996,89
400,2000-06-20,LEGO City,1.0,32.27,0.0807,121
465,2000-05-29,Technic,0.8,42.54,0.0915,103
2094,2017-09-20,LEGO City,1.0,297.91,0.1423,55
3218,2007-05-25,LEGO City,1.0,448.35,0.1393,64
200,2014-01-13,LEGO City,1.0,26.83,0.1342,64
2554,2002-06-10,Marvel Super Heroes,1.2,226.24,0.0886,140
4907,2020-05-01,Star Wars,1.3,617.43,0.1258,105
353,2015-06-04,Harry Potter,1.1,35.83,0.1015,118
186,2012-02-20,Marvel Super Heroes,1.2,26.16,0.1406,71
3064,2015-03-19,Friends,0.9,438.46,0.1431,48
2538,2016-02-22,Friends,0.9,324.99,0.128,44
770,2023-09-01,Friends,0.9,72.17,0.0937,74
4858,2004-07-23,Technic,0.8,583.02,0.12,61
2173,2007-01-03,Friends,0.9,316.28,0.1455,55
264,2014-10-22,LEGO City,1.0,37.25,0.1411,67
463,2002-07-06,Harry Potter,1.1,37.4,0.0808,129
4137,2006-01-19,Friends,0.9,482.6,0.1167,65
4918,2001-12-14,Friends,0.9,549.09,0.1116,79
1193,2008-12-20,Star Wars,1.3,155.65,0.1305,82
1225,2017-12-23,Harry Potter,1.1,118.25,0.0965,108
1668,2018-04-19,Technic,0.8,186.6,0.1119,65
2853,2012-04-15,Friends,0.9,237.24,0.0832,113
4263,2000-11-01,Friends,0.9,617.89,0.1449,66
234,2006-03-12,Friends,0.9,28.6,0.1222,76
1086,2022-03-11,Marvel Super Heroes,1.2,150.81,0.1389,98
567,2006-08-31,Marvel Super Heroes,1.2,51.63,0.0911,142
4768,2014-09-07,LEGO City,1.0,558.33,0.1171,90
979,2021-07-16,Marvel Super Heroes,1.2,81.4,0.0831,149
4534,2003-02-07,Harry Potter,1.1,481.62,0.1062,108
2964,2020-09-03,Marvel Super Heroes,1.2,301.38,0.1017,128
4356,2003-05-12,Harry Potter,1.1,546.39,0.1254,82
2629,2002-01-14,Marvel Super Heroes,1.2,214.34,0.0815,139
352,2011-12-12,Marvel Super Heroes,1.2,30.34,0.0862,136
3227,2015-04-10,Marvel Super Heroes,1.2,408.63,0.1266,88
973,2006-09-14,LEGO City,1.0,113.3,0.1164,70
3427,2016-02-09,Harry Potter,1.1,490.69,0.1432,50
3562,2018-04-25,Marvel Super Heroes,1.2,427.4,0.12,115
3076,2005-06-18,Friends,0.9,266.63,0.0867,90
3509,2023-11-15,LEGO City,1.0,332.88,0.0949,114
3042,2007-04-01,Marvel Super Heroes,1.2,356.53,0.1172,95
2626,2003-12-25,Star Wars,1.3,272.63,0.1038,126
4483,2017-01-01,Star Wars,1.3,429.19,0.0957,131
4154,2014-11-25,Technic,0.8,556.32,0.1339,45
4270,2013-10-13,Friends,0.9,513.74,0.1203,62
1042,2020-06-24,LEGO City,1.0,92.11,0.0884,121
4260,2004-12-01,LEGO City,1.0,460.74,0.1082,94
2681,2019-02-01,LEGO City,1.0,346.55,0.1293,74
4011,2011-03-18,LEGO City,1.0,542.29,0.1352,65
4195,2008-12-19,Harry Potter,1.1,379.95,0.0906,115
3560,2013-01-24,Harry Potter,1.1,326.71,0.0918,148
2898,2011-12-26,Technic,0.8,257.86,0.089,83
1119,2018-04-12,Marvel Super Heroes,1.2,135.07,0.1207,116
4945,2004-04-13,LEGO City,1.0,502.08,0.1015,98
4636,2014-08-14,Technic,0.8,548.78,0.1184,72
353,2014-01-13,Friends,0.9,43.47,0.1231,80
112,2018-12-29,Star Wars,1.3,15.3,0.1366,82
3064,2022-06-06,Technic,0.8,302.43,0.0987,87
3826,2008-03-29,Technic,0.8,540.25,0.1412,58
4595,2002-04-17,Technic,0.8,548.32,0.1193,78
1160,2003-12-23,Harry Potter,1.1,94.46,0.0814,137
1287,2019-04-05,Technic,0.8,183.88,0.1429,49
1844,2021-01-11,Harry Potter,1.1,232.35,0.126,91
1306,2009-03-20,Marvel Super Heroes,1.2,126.33,0.0967,108
4489,2004-03-13,LEGO City,1.0,506.25,0.1128,90
1741,2000-12-01,Harry Potter,1.1,168.14,0.0966,98
4545,2013-09-14,Star Wars,1.3,489.88,0.1078,117
3554,2010-06-22,Harry Potter,1.1,287.85,0.081,131
2393,2010-12-25,Marvel Super Heroes,1.2,247.41,0.1034,106
1279,2015-02-12,Marvel Super Heroes,1.2,153.64,0.1201,89
2075,2001-07-29,LEGO City,1.0,245.43,0.1183,86
2705,2008-11-02,Friends,0.9,258.01,0.0954,102
1567,2002-01-15,Harry Potter,1.1,169.19,0.108,91
3462,2020-02-28,Marvel Super Heroes,1.2,479.29,0.1384,88
98,2008-03-17,Technic,0.8,8.68,0.0886,65
1598,2000-12-12,Technic,0.8,210.89,0.132,53
1815,2005-05-20,Harry Potter,1.1,226.32,0.1247,68
4956,2021-08-22,Marvel Super Heroes,1.2,488.33,0.0985,140
974,2004-03-24,Marvel Super Heroes,1.2,104.06,0.1068,106
3207,2017-08-12,Star Wars,1.3,330.98,0.1032,142
3909,2018-12-07,Marvel Super Heroes,1.2,526.09,0.1346,103
2349,2009-09-17,Harry Potter,1.1,203.42,0.0866,145
4048,2022-04-12,LEGO City,1.0,395.21,0.0976,105
361,2011-02-17,Star Wars,1.3,32.81,0.0909,120
2249,2021-12-21,Star Wars,1.3,329.79,0.1466,77
2193,2005-01-19,Marvel Super Heroes,1.2,305.21,0.1392,101
4686,2006-03-20,Harry Potter,1.1,475.36,0.1014,125
2848,2002-10-15,Friends,0.9,333.19,0.117,73
1791,2000-08-21,Star Wars,1.3,255.02,0.1424,100
3891,2017-05-21,Star Wars,1.3,320.38,0.0823,149
3825,2007-06-07,Star Wars,1.3,546.08,0.1428,97
4215,2001-08-07,Friends,0.9,628.72,0.1492,52
576,2021-10-26,Technic,0.8,66.46,0.1154,46
836,2002-12-11,Technic,0.8,98.84,0.1182,59
4257,2015-06-20,Star Wars,1.3,467.62,0.1098,119
2456,2008-06-23,Friends,0.9,201.43,0.082,109
422,2021-07-02,Marvel Super Heroes,1.2,56.93,0.1349,82
3886,2005-10-18,Harry Potter,1.1,457.38,0.1177,97
2469,2011-07-16,LEGO City,1.0,321.79,0.1303,61
4409,2008-09-04,LEGO City,1.0,619.06,0.1404,66
2074,2000-09-14,Friends,0.9,232.38,0.112,78
2799,2012-07-26,Technic,0.8,307.05,0.1097,90
3282,2023-04-25,Star Wars,1.3,321.04,0.0978,121
1086,2011-09-08,Friends,0.9,130.08,0.1198,82
2340,2016-05-05,Marvel Super Heroes,1.2,300.16,0.1283,84
2744,2007-09-07,LEGO City,1.0,237.27,0.0865,117
90,2021-12-25,Star Wars,1.3,7.99,0.0888,142
2957,2010-01-20,Technic,0.8,311.95,0.1055,69
197,2005-09-12,Harry Potter,1.1,17.18,0.0872,116
891,2021-05-22,Technic,0.8,89.13,0.1,78
2234,2018-07-05,Friends,0.9,323.07,0.1446,59
1008,2022-03-04,Harry Potter,1.1,107.13,0.1063,95
1858,2007-09-07,Star Wars,1.3,252.36,0.1358,91
159,2019-11-25,LEGO City,1.0,16.51,0.1038,91
601,2001-06-18,Technic,0.8,73.31,0.122,60
4411,2008-10-03,Marvel Super Heroes,1.2,428.91,0.0972,119
3936,2002-10-14,Technic,0.8,434.32,0.1103,65
2984,2005-08-10,Friends,0.9,370.72,0.1242,56
3265,2013-08-01,LEGO City,1.0,414.39,0.1269,75
1103,2015-06-27,Friends,0.9,98.87,0.0896,96
3720,2014-04-25,Technic,0.8,362.28,0.0974,79
2367,2016-11-05,LEGO City,1.0,258.28,0.1091,94
4339,2009-03-15,Star Wars,1.3,371.71,0.0857,146
234,2005-08-10,Harry Potter,1.1,31.57,0.1349,90
2912,2003-05-01,Star Wars,1.3,239.47,0.0822,145
1975,2002-11-16,Technic,0.8,244.26,0.1237,54
489,2015-08-03,Friends,0.9,72.81,0.1489,39
174,2016-11-20,Technic,0.8,19.99,0.1149,66
138,2012-03-31,Harry Potter,1.1,13.39,0.097,119
1831,2003-06-18,LEGO City,1.0,213.28,0.1165,94
3729,2009-09-18,Harry Potter,1.1,557.54,0.1495,74
2558,2014-09-27,Harry Potter,1.1,376.51,0.1472,69
1788,2011-12-29,Friends,0.9,224.76,0.1257,64
1518,2017-01-22,Technic,0.8,133.81,0.0881,84
3380,2012-04-14,Star Wars,1.3,381.58,0.1129,107
2458,2003-01-22,LEGO City,1.0,311.63,0.1268,73
2450,2012-05-12,Harry Potter,1.1,243.34,0.0993,125
678,2009-02-20,Marvel Super Heroes,1.2,96.02,0.1416,103
814,2017-08-03,Star Wars,1.3,78.59,0.0965,154
3844,2008-12-28,Harry Potter,1.1,434.92,0.1131,86
2299,2021-06-06,Harry Potter,1.1,325.3,0.1415,68
3211,2018-11-21,Marvel Super Heroes,1.2,350.28,0.1091,112
2549,2012-07-04,Technic,0.8,377.64,0.1482,64
2477,2018-11-19,Technic,0.8,200.34,0.0809,111
130,2011-05-10,LEGO City,1.0,18.69,0.1438,80
3611,2000-05-18,Technic,0.8,482.84,0.1337,61
250,2002-04-17,Marvel Super Heroes,1.2,26.97,0.1079,97
4397,2005-06-17,Friends,0.9,566.27,0.1288,75
449,2013-11-19,LEGO City,1.0,61.43,0.1368,69
4767,2019-03-17,Star Wars,1.3,668.88,0.1403,93
4519,2006-05-01,Technic,0.8,531.04,0.1175,64
4351,2017-10-29,LEGO City,1.0,377.07,0.0867,104
401,2002-12-27,Marvel Super Heroes,1.2,35.1,0.0875,128
2091,2009-07-24,Marvel Super Heroes,1.2,288.27,0.1379,83
4131,2003-08-15,Marvel Super Heroes,1.2,504.03,0.122,106
3334,2021-10-05,Star Wars,1.3,280.97,0.0843,168
1284,2020-08-14,Harry Potter,1.1,145.23,0.1131,98
3158,2017-08-27,Harry Potter,1.1,391.29,0.1239,95
52,2023-09-13,Harry Potter,1.1,7.17,0.1379,64
1234,2011-12-05,LEGO City,1.0,112.09,0.0908,127
148,2020-03-21,LEGO City,1.0,15.87,0.1072,85
4064,2008-10-05,Star Wars,1.3,475.85,0.1171,110
3631,2020-03-10,Technic,0.8,377.26,0.1039,88
1547,2006-08-07,Star Wars,1.3,141.91,0.0917,134
1796,2004-09-13,Harry Potter,1.1,169.79,0.0945,129
1620,2006-01-11,Technic,0.8,179.92,0.1111,66
1193,2021-10-16,Star Wars,1.3,114.3,0.0958,125
4398,2020-10-31,LEGO City,1.0,551.42,0.1254,81
4574,2018-03-16,LEGO City,1.0,420.35,0.0919,105
3104,2016-12-23,Technic,0.8,375.44,0.121,69
3640,2000-08-02,Technic,0.8,362.05,0.0995,86
3530,2005-04-01,Technic,0.8,417.13,0.1182,68
2805,2020-08-26,Harry Potter,1.1,287.94,0.1027,118
4671,2000-04-27,Star Wars,1.3,641.28,0.1373,93
1567,2012-09-23,Technic,0.8,159.26,0.1016,72
3647,2005-01-02,LEGO City,1.0,506.29,0.1388,80
2999,2004-10-22,Star Wars,1.3,273.63,0.0912,132
4513,2018-05-29,Friends,0.9,402.55,0.0892,98
1284,2003-02-28,Marvel Super Heroes,1.2,102.98,0.0802,159
3732,2006-02-06,Harry Potter,1.1,520.31,0.1394,87
3138,2002-11-05,Star Wars,1.3,427.55,0.1362,82
2344,2008-04-02,Harry Potter,1.1,275.68,0.1176,94
1238,2013-08-18,LEGO City,1.0,129.95,0.105,91
2408,2021-06-12,Harry Potter,1.1,287.3,0.1193,89
3726,2009-07-27,Star Wars,1.3,340.27,0.0913,127
1375,2017-12-12,Harry Potter,1.1,119.04,0.0866,139
2551,2015-11-11,LEGO City,1.0,235.56,0.0923,107
1121,2001-11-05,LEGO City,1.0,90.83,0.081,132
4457,2019-03-10,Marvel Super Heroes,1.2,618.0,0.1387,85
1359,2000-04-19,Harry Potter,1.1,163.3,0.1202,108
2640,2002-08-08,LEGO City,1.0,250.68,0.095,74
1412,2006-11-17,Harry Potter,1.1,198.06,0.1403,93
2972,2018-01-08,Star Wars,1.3,312.51,0.1052,134
2267,2013-09-01,Harry Potter,1.1,251.33,0.1109,105
3247,2020-10-04,Harry Potter,1.1,339.95,0.1047,84
1247,2021-02-16,LEGO City,1.0,169.05,0.1356,78
802,2011-08-05,Marvel Super Heroes,1.2,105.16,0.1311,99
2635,2002-05-20,Marvel Super Heroes,1.2,363.18,0.1378,90
2172,2020-09-22,Star Wars,1.3,267.15,0.123,97
2417,2022-11-29,Harry Potter,1.1,252.14,0.1043,103
3364,2021-06-18,Star Wars,1.3,449.12,0.1335,78
503,2018-10-29,Star Wars,1.3,53.88,0.1071,119
3423,2009-07-09,Friends,0.9,351.36,0.1026,87
783,2005-04-03,Friends,0.9,80.31,0.1026,100
2467,2008-05-25,Star Wars,1.3,297.26,0.1205,91
1132,2020-06-06,Technic,0.8,92.11,0.0814,72
2802,2006-09-25,Friends,0.9,258.67,0.0923,94
602,2001-06-06,Technic,0.8,58.94,0.0979,70
4828,2008-02-11,Marvel Super Heroes,1.2,685.96,0.1421,58
4360,2004-10-05,Friends,0.9,554.03,0.1271,70
1047,2012-06-19,Technic,0.8,106.29,0.1015,91
4445,2005-11-22,Star Wars,1.3,455.06,0.1024,131
338,2009-11-05,Technic,0.8,28.89,0.0855,87
2837,2020-02-01,Friends,0.9,246.96,0.087,102
3116,2005-04-01,LEGO City,1.0,387.79,0.1244,73
2434,2005-11-09,Marvel Super Heroes,1.2,262.37,0.1078,120
2418,2015-04-01,Friends,0.9,278.74,0.1153,81
2729,2007-02-26,Star Wars,1.3,219.6,0.0805,160
1578,2022-01-28,Technic,0.8,224.81,0.1425,53
969,2021-10-02,LEGO City,1.0,78.13,0.0806,101
1583,2003-07-02,LEGO City,1.0,184.0,0.1162,95
2660,2008-03-21,Marvel Super Heroes,1.2,298.1,0.1121,115
4335,2004-12-19,Star Wars,1.3,362.83,0.0837,155
781,2017-06-20,Marvel Super Heroes,1.2,65.53,0.0839,116
1620,2011-09-15,Harry Potter,1.1,176.86,0.1092,91
1913,2013-10-28,Star Wars,1.3,249.58,0.1305,103
1213,2003-01-07,Harry Potter,1.1,137.66,0.1135,98
2903,2015-08-08,Marvel Super Heroes,1.2,277.85,0.0957,119
1542,2015-04-09,Marvel Super Heroes,1.2,181.82,0.1179,88
3663,2002-10-22,LEGO City,1.0,396.07,0.1081,113
2131,2005-03-26,Harry Potter,1.1,274.19,0.1287,98
2424,2010-02-14,LEGO City,1.0,331.63,0.1368,61
608,2021-10-13,Harry Potter,1.1,51.57,0.0848,126
1824,2007-06-29,Technic,0.8,214.47,0.1176,75
779,2021-08-23,Technic,0.8,86.24,0.1107,69
2071,2011-03-02,Marvel Super Heroes,1.2,287.91,0.139,82
2079,2007-08-30,Star Wars,1.3,307.38,0.1478,93
2314,2022-04-23,Technic,0.8,191.55,0.0828,104
2183,2006-05-16,Friends,0.9,273.64,0.1254,73
758,2000-06-18,Harry Potter,1.1,61.46,0.0811,118
2129,2008-02-17,Technic,0.8,258.26,0.1213,58
4047,2016-02-16,LEGO City,1.0,363.11,0.0897,103
562,2018-05-11,Friends,0.9,50.86,0.0905,100
1605,2017-06-28,Friends,0.9,209.54,0.1306,56
1677,2006-03-01,Harry Potter,1.1,136.04,0.0811,127
4742,2001-10-04,LEGO City,1.0,658.47,0.1389,68
4560,2004-09-27,Harry Potter,1.1,379.93,0.0833,125
1421,2008-06-14,Star Wars,1.3,172.25,0.1212,112
1914,2011-08-07,LEGO City,1.0,187.3,0.0979,118
2547,2009-02-27,Harry Potter,1.1,256.35,0.1006,109
1853,2020-05-24,LEGO City,1.0,162.56,0.0877,113
935,2011-09-09,LEGO City,1.0,132.88,0.1421,77
1262,2005-09-28,Technic,0.8,117.42,0.093,59
4071,2006-06-29,Harry Potter,1.1,502.58,0.1235,77
3525,2013-04-23,Friends,0.9,402.87,0.1143,90
1803,2011-07-21,LEGO City,1.0,260.99,0.1448,67
3792,2019-08-23,Technic,0.8,356.76,0.0941,87
1623,2004-07-03,Star Wars,1.3,215.58,0.1328,93
4945,2011-12-17,Harry Potter,1.1,612.61,0.1239,101
853,2000-08-08,Star Wars,1.3,112.14,0.1315,108
3605,2018-08-25,Harry Potter,1.1,472.88,0.1312,81
2032,2023-08-25,Technic,0.8,244.59,0.1204,58
3264,2018-12-16,Harry Potter,1.1,271.62,0.0832,119
3556,2006-07-17,Harry Potter,1.1,365.74,0.1029,88
1631,2012-04-24,Star Wars,1.3,242.42,0.1486,72
910,2006-03-01,Harry Potter,1.1,81.66,0.0897,145
3777,2002-06-13,LEGO City,1.0,539.46,0.1428,52
458,2017-04-08,Technic,0.8,64.58,0.141,50
275,2003-03-21,Marvel Super Heroes,1.2,27.85,0.1013,114
2760,2023-03-09,LEGO City,1.0,346.78,0.1256,63
3784,2018-01-18,Marvel Super Heroes,1.2,446.91,0.1181,91
3137,2019-07-26,Technic,0.8,275.43,0.0878,106
607,2009-05-01,Technic,0.8,67.02,0.1104,69
1363,2015-08-30,Friends,0.9,182.35,0.1338,76
321,2014-02-27,Marvel Super Heroes,1.2,39.02,0.1216,83
3648,2016-06-29,Star Wars,1.3,479.94,0.1316,105
1431,2020-05-04,Harry Potter,1.1,156.64,0.1095,103
3176,2009-09-27,Marvel Super Heroes,1.2,457.83,0.1442,59
3815,2007-08-08,Harry Potter,1.1,309.03,0.081,129
893,2006-01-14,Marvel Super Heroes,1.2,94.56,0.1059,90
4249,2021-04-09,Harry Potter,1.1,509.53,0.1199,85
4876,2003-04-02,Technic,0.8,655.91,0.1345,73
3442,2001-02-28,Friends,0.9,441.78,0.1283,61
1499,2010-08-06,LEGO City,1.0,121.1,0.0808,123
405,2008-04-08,Marvel Super Heroes,1.2,59.18,0.1461,88
3592,2006-05-18,Star Wars,1.3,526.06,0.1465,82
3465,2016-12-06,Friends,0.9,282.13,0.0814,95
3314,2020-01-11,Harry Potter,1.1,488.01,0.1473,91
2358,2002-04-13,Marvel Super Heroes,1.2,334.29,0.1418,64
3619,2019-05-24,Star Wars,1.3,402.6,0.1112,115
2128,2022-12-11,Star Wars,1.3,312.65,0.1469,80
3715,2016-02-19,Technic,0.8,346.8,0.0934,87
2641,2002-02-09,Marvel Super Heroes,1.2,387.51,0.1467,72
4402,2006-10-04,Harry Potter,1.1,654.01,0.1486,78
4663,2009-09-08,Star Wars,1.3,506.68,0.1087,121
4854,2019-10-14,Marvel Super Heroes,1.2,460.06,0.0948,121
704,2020-10-09,Star Wars,1.3,96.74,0.1374,95
1805,2007-05-19,Star Wars,1.3,156.15,0.0865,141
3617,2010-03-22,LEGO City,1.0,438.74,0.1213,86
4155,2015-10-29,Marvel Super Heroes,1.2,433.77,0.1044,125
2515,2018-03-16,Harry Potter,1.1,278.19,0.1106,94
3606,2001-12-02,Technic,0.8,475.32,0.1318,55
3171,2020-08-14,Harry Potter,1.1,297.69,0.0939,125
2627,2018-03-31,Marvel Super Heroes,1.2,385.32,0.1467,74
1876,2018-08-07,Marvel Super Heroes,1.2,179.05,0.0954,107
2584,2005-11-04,Marvel Super Heroes,1.2,222.26,0.086,151
2994,2010-06-13,Marvel Super Heroes,1.2,377.6,0.1261,76
2099,2016-06-22,Harry Potter,1.1,204.35,0.0974,109
1283,2013-10-07,Technic,0.8,118.91,0.0927,90
417,2000-12-02,Technic,0.8,47.16,0.1131,64
1239,2023-04-01,Marvel Super Heroes,1.2,107.63,0.0869,137
2376,2009-08-18,Harry Potter,1.1,288.96,0.1216,76
4882,2021-06-04,Technic,0.8,698.01,0.143,55
3041,2000-06-19,Friends,0.9,448.58,0.1475,56
1874,2007-11-27,Star Wars,1.3,275.9,0.1472,97
3774,2008-07-04,LEGO City,1.0,517.61,0.1372,61
4957,2004-03-02,Star Wars,1.3,620.26,0.1251,105
4044,2003-06-20,Star Wars,1.3,570.02,0.141,89
111,2012-12-25,Friends,0.9,15.27,0.1376,55
2427,2021-10-12,Star Wars,1.3,361.79,0.1491,95
4675,2013-09-18,Harry Potter,1.1,545.91,0.1168,100
2427,2020-02-25,Friends,0.9,200.6,0.0827,113
2571,2021-06-05,Marvel Super Heroes,1.2,249.75,0.0971,126
1196,2016-07-14,Marvel Super Heroes,1.2,124.51,0.1041,117
2898,2006-03-20,Friends,0.9,293.32,0.1012,96
3308,2021-01-10,Technic,0.8,273.86,0.0828,96
247,2010-06-11,Marvel Super Heroes,1.2,30.63,0.124,108
771,2023-07-13,Star Wars,1.3,71.61,0.0929,117
1769,2018-05-24,Star Wars,1.3,215.15,0.1216,112
3395,2014-07-14,Marvel Super Heroes,1.2,478.69,0.141,88
460,2018-03-02,Marvel Super Heroes,1.2,43.9,0.0954,125
690,2010-02-21,Marvel Super Heroes,1.2,85.67,0.1242,93
4770,2014-10-05,Technic,0.8,443.26,0.0929,87
416,2005-07-04,Star Wars,1.3,53.61,0.1289,104
890,2023-05-28,Marvel Super Heroes,1.2,93.92,0.1055,123
4946,2018-11-08,Star Wars,1.3,558.96,0.113,124
3867,2013-07-06,Technic,0.8,526.59,0.1362,56
3060,2007-02-20,Star Wars,1.3,318.23,0.104,140
2022,2001-12-02,Marvel Super Heroes,1.2,250.38,0.1238,89
4129,2001-07-16,Star Wars,1.3,573.11,0.1388,85
405,2000-06-13,Technic,0.8,35.41,0.0874,100
1901,2017-03-22,LEGO City,1.0,198.14,0.1042,87
1402,2009-07-25,LEGO City,1.0,198.84,0.1418,62
4648,2020-11-19,Friends,0.9,629.21,0.1354,75
2961,2023-01-26,Marvel Super Heroes,1.2,300.9,0.1016,109
2456,2021-09-05,Star Wars,1.3,293.59,0.1195,124
1980,2017-07-03,Technic,0.8,291.29,0.1471,62
2862,2018-05-19,Marvel Super Heroes,1.2,278.28,0.0972,112
2078,2021-03-03,Friends,0.9,290.64,0.1399,63
4234,2000-02-25,Marvel Super Heroes,1.2,371.99,0.0879,134
2936,2014-09-18,Friends,0.9,303.4,0.1033,87
2631,2006-09-25,Harry Potter,1.1,280.35,0.1066,99
2334,2022-01-29,Technic,0.8,199.9,0.0856,96
4877,2019-12-14,LEGO City,1.0,582.59,0.1195,107
2533,2014-05-21,Star Wars,1.3,337.33,0.1332,99
4412,2000-10-26,Star Wars,1.3,605.74,0.1373,94
544,2000-09-13,Technic,0.8,51.18,0.0941,85
2048,2003-09-20,LEGO City,1.0,277.67,0.1356,66
1518,2022-01-18,Star Wars,1.3,213.55,0.1407,108
66,2001-07-30,Friends,0.9,6.76,0.1025,77
4990,2015-05-27,Harry Potter,1.1,525.34,0.1053,107
198,2010-06-27,LEGO City,1.0,28.47,0.1438,68
4251,2012-01-12,Technic,0.8,374.16,0.088,86
4854,2013-04-09,Technic,0.8,585.12,0.1205,62
2010,2005-12-05,LEGO City,1.0,295.07,0.1468,77
3932,2009-10-11,Friends,0.9,458.74,0.1167,77
735,2022-02-02,LEGO City,1.0,86.45,0.1176,76
1996,2016-02-09,Marvel Super Heroes,1.2,290.28,0.1454,90
3516,2016-08-07,Harry Potter,1.1,336.18,0.0956,126
3537,2005-12-18,Harry Potter,1.1,402.6,0.1138,93
2659,2014-12-10,LEGO City,1.0,236.53,0.089,121
454,2002-09-17,Star Wars,1.3,39.27,0.0865,132
4722,2012-11-11,Star Wars,1.3,616.39,0.1305,108
3062,2016-01-04,Technic,0.8,280.29,0.0915,93
2973,2007-09-12,Technic,0.8,365.07,0.1228,73
3468,2016-09-02,Harry Potter,1.1,322.29,0.0929,125
1126,2011-05-11,Marvel Super Heroes,1.2,163.05,0.1448,92
1133,2005-02-20,Harry Potter,1.1,115.51,0.102,105
2552,2003-06-19,Technic,0.8,338.22,0.1325,55
534,2019-03-15,Harry Potter,1.1,51.81,0.097,110
2029,2006-11-09,Friends,0.9,246.67,0.1216,65
1513,2008-06-22,Friends,0.9,204.22,0.135,57
3041,2020-09-01,Technic,0.8,366.96,0.1207,47
128,2016-02-11,Friends,0.9,18.15,0.1418,60
4960,2003-12-28,LEGO City,1.0,514.74,0.1038,101
1414,2005-05-04,Technic,0.8,190.42,0.1347,59
3699,2002-12-05,Technic,0.8,460.93,0.1246,73
2493,2021-12-24,Marvel Super Heroes,1.2,216.01,0.0866,144
908,2014-09-26,Friends,0.9,131.1,0.1444,68
3943,2009-09-08,Friends,0.9,461.22,0.117,68
2918,2021-10-20,Star Wars,1.3,344.08,0.1179,99
2559,2022-08-15,Star Wars,1.3,360.14,0.1407,93
905,2008-07-08,Technic,0.8,93.62,0.1034,73
1388,2005-10-10,Technic,0.8,118.15,0.0851,99
2236,2019-04-03,Marvel Super Heroes,1.2,246.39,0.1102,110
4375,2013-04-10,Marvel Super Heroes,1.2,655.67,0.1499,89
2505,2021-11-17,LEGO City,1.0,216.27,0.0863,109
3916,2007-01-03,Harry Potter,1.1,448.84,0.1146,111
1491,2021-01-30,Star Wars,1.3,127.98,0.0858,155
2771,2010-02-18,Friends,0.9,355.19,0.1282,67
1178,2000-07-08,Harry Potter,1.1,168.35,0.1429,73
2696,2003-02-21,Friends,0.9,307.64,0.1141,78
2650,2013-06-24,Friends,0.9,231.22,0.0873,116
1204,2023-11-04,Star Wars,1.3,117.97,0.098,131
4154,2013-12-10,Friends,0.9,602.19,0.145,55
2115,2017-02-15,Star Wars,1.3,246.56,0.1166,113
1930,2002-07-29,Marvel Super Heroes,1.2,198.0,0.1026,117
2493,2013-08-23,Technic,0.8,373.73,0.1499,51
1248,2011-08-24,LEGO City,1.0,101.59,0.0814,117
689,2009-02-23,Harry Potter,1.1,76.09,0.1104,99
3611,2016-02-07,Technic,0.8,505.36,0.1399,55
3670,2020-05-26,LEGO City,1.0,303.93,0.0828,114
4743,2008-10-02,Marvel Super Heroes,1.2,576.29,0.1215,98
1350,2021-04-02,Harry Potter,1.1,192.09,0.1423,60
4808,2007-03-11,Harry Potter,1.1,417.65,0.0869,119
1640,2023-01-01,Star Wars,1.3,162.72,0.0992,128
1359,2006-04-19,Star Wars,1.3,190.27,0.14,102
2970,2001-02-01,Technic,0.8,405.76,0.1366,60
4707,2010-06-24,Technic,0.8,664.8,0.1412,55
1632,2019-08-14,Star Wars,1.3,149.14,0.0914,140
4858,2005-12-28,Marvel Super Heroes,1.2,686.81,0.1414,68
1402,2009-09-03,Star Wars,1.3,115.03,0.082,161
2866,2016-05-08,Marvel Super Heroes,1.2,288.7,0.1007,129
2287,2007-12-22,Marvel Super Heroes,1.2,226.26,0.0989,110
488,2015-09-18,Technic,0.8,71.39,0.1463,56
1472,2006-09-20,Friends,0.9,172.03,0.1169,90
1107,2015-12-08,Harry Potter,1.1,139.6,0.1261,90
352,2015-03-28,Friends,0.9,30.98,0.088,83
4649,2019-09-08,Marvel Super Heroes,1.2,383.13,0.0824,133
3687,2004-09-30,Friends,0.9,526.1,0.1427,64
3266,2004-01-16,Harry Potter,1.1,477.69,0.1463,82
168,2002-07-12,Marvel Super Heroes,1.2,23.99,0.1428,82
2252,2010-06-16,LEGO City,1.0,252.78,0.1122,75
1063,2000-09-07,LEGO City,1.0,133.39,0.1255,67
1398,2012-10-15,Technic,0.8,137.32,0.0982,88
274,2013-11-26,Harry Potter,1.1,29.87,0.109,92
4554,2013-02-05,Friends,0.9,564.81,0.124,61
3165,2023-03-14,Harry Potter,1.1,468.23,0.1479,75
4648,2002-08-30,Harry Potter,1.1,664.74,0.143,79
3189,2001-11-15,Marvel Super Heroes,1.2,387.48,0.1215,84
3757,2017-02-07,Star Wars,1.3,311.75,0.083,159
2514,2014-08-23,Star Wars,1.3,331.54,0.1319,89
2832,2010-11-03,Friends,0.9,321.82,0.1136,72
1279,2007-02-15,Technic,0.8,160.22,0.1253,65
2471,2016-05-23,Technic,0.8,200.69,0.0812,100
3327,2019-06-27,Marvel Super Heroes,1.2,320.56,0.0964,107
4871,2014-07-17,Friends,0.9,601.57,0.1235,76
3959,2005-11-10,Technic,0.8,417.83,0.1055,85
4589,2015-09-21,Star Wars,1.3,434.51,0.0947,134
3897,2023-04-14,Friends,0.9,468.84,0.1203,68
2819,2014-09-19,Star Wars,1.3,292.2,0.1037,116
2301,2014-12-02,Technic,0.8,250.27,0.1088,92
2451,2017-08-24,Friends,0.9,294.26,0.1201,71
406,2006-05-08,Marvel Super Heroes,1.2,53.59,0.132,94
2631,2001-02-06,Star Wars,1.3,274.29,0.1043,114
4401,2002-05-13,Star Wars,1.3,636.76,0.1447,82
1991,2014-04-30,Friends,0.9,243.27,0.1222,71
1702,2002-01-12,Marvel Super Heroes,1.2,151.46,0.089,142
4834,2018-06-12,Marvel Super Heroes,1.2,551.2,0.114,94
2643,2006-09-05,Harry Potter,1.1,324.02,0.1226,88
3811,2002-03-18,Star Wars,1.3,452.97,0.1189,109
932,2001-12-31,Harry Potter,1.1,85.22,0.0914,126
913,2006-03-23,Technic,0.8,110.88,0.1214,46
906,2002-08-14,Marvel Super Heroes,1.2,104.68,0.1155,91
3262,2013-11-02,Technic,0.8,317.93,0.0975,78
1941,2002-12-30,LEGO City,1.0,266.96,0.1375,77
214,2020-05-23,Harry Potter,1.1,19.07,0.0891,118
2137,2008-11-29,Star Wars,1.3,219.2,0.1026,110
4697,2011-01-16,Marvel Super Heroes,1.2,587.36,0.1251,84
1527,2023-04-22,LEGO City,1.0,158.73,0.1039,102
242,2022-02-07,LEGO City,1.0,24.87,0.1028,92
3339,2020-08-24,Harry Potter,1.1,493.62,0.1478,92
4112,2006-11-04,Technic,0.8,574.91,0.1398,67
4521,2009-07-05,Friends,0.9,673.72,0.149,56
4924,2017-03-27,LEGO City,1.0,690.41,0.1402,68
3829,2005-07-21,Star Wars,1.3,473.06,0.1235,110
3634,2019-07-02,Star Wars,1.3,445.38,0.1226,96
2699,2023-12-08,Marvel Super Heroes,1.2,324.98,0.1204,97
2119,2023-12-13,Marvel Super Heroes,1.2,307.12,0.1449,98
553,2006-07-05,Harry Potter,1.1,68.02,0.123,87
2379,2010-08-24,Star Wars,1.3,285.63,0.1201,107
935,2015-09-19,LEGO City,1.0,82.79,0.0885,110
1893,2004-03-13,Star Wars,1.3,170.46,0.09,131
1816,2009-05-16,Friends,0.9,267.37,0.1472,57
2985,2017-03-04,Harry Potter,1.1,269.24,0.0902,118
1219,2003-11-15,Technic,0.8,105.5,0.0865,81
591,2003-05-09,Harry Potter,1.1,73.68,0.1247,85
671,2019-04-16,Harry Potter,1.1,56.39,0.084,120
1697,2017-07-27,Star Wars,1.3,245.19,0.1445,73
212,2005-01-27,Star Wars,1.3,29.42,0.1388,78
346,2013-06-19,Harry Potter,1.1,45.47,0.1314,63
724,2004-05-29,Technic,0.8,81.61,0.1127,71
739,2013-08-09,Technic,0.8,75.7,0.1024,84
1507,2013-07-14,Friends,0.9,172.83,0.1147,70
4882,2018-06-26,Technic,0.8,680.89,0.1395,59
1786,2011-12-28,Harry Potter,1.1,201.65,0.1129,89
1987,2022-12-02,Star Wars,1.3,255.11,0.1284,96
830,2004-08-18,Harry Potter,1.1,90.81,0.1094,94
3799,2021-02-22,Star Wars,1.3,402.99,0.1061,140
4092,2010-04-21,Technic,0.8,525.66,0.1285,49
1822,2013-01-18,Star Wars,1.3,206.22,0.1132,119
2201,2008-09-16,Friends,0.9,201.73,0.0917,110
4863,2006-06-01,Friends,0.9,396.45,0.0815,122
1323,2019-10-20,LEGO City,1.0,150.55,0.1138,67
1663,2003-12-03,Technic,0.8,162.79,0.0979,92
4123,2008-06-11,Star Wars,1.3,370.66,0.0899,143
4077,2021-02-21,Harry Potter,1.1,557.67,0.1368,75
4840,2002-11-23,Harry Potter,1.1,520.05,0.1074,86
431,2013-06-28,Harry Potter,1.1,44.22,0.1026,105
1230,2006-01-12,Marvel Super Heroes,1.2,98.44,0.08,143
4062,2023-05-28,Technic,0.8,550.22,0.1355,69
60,2004-10-08,Technic,0.8,6.17,0.1028,65
2623,2016-11-07,Technic,0.8,305.11,0.1163,76
4198,2014-02-25,Friends,0.9,489.65,0.1166,80
4203,2017-04-24,Technic,0.8,614.3,0.1462,44
1135,2002-12-02,Friends,0.9,94.37,0.0831,99
4769,2000-03-27,Marvel Super Heroes,1.2,439.57,0.0922,138
143,2005-03-04,Star Wars,1.3,12.79,0.0894,120
2669,2016-05-16,Harry Potter,1.1,265.54,0.0995,108
2143,2004-01-13,LEGO City,1.0,230.61,0.1076,80
1185,2008-11-17,Friends,0.9,111.99,0.0945,92
2324,2005-08-14,Marvel Super Heroes,1.2,230.25,0.0991,118
1249,2004-07-19,Friends,0.9,179.12,0.1434,63
1460,2001-12-06,Harry Potter,1.1,138.74,0.095,105
4125,2016-07-14,Technic,0.8,518.06,0.1256,61
2705,2002-12-16,Harry Potter,1.1,222.33,0.0822,139
2326,2016-06-29,Harry Potter,1.1,217.11,0.0933,118
709,2004-02-25,LEGO City,1.0,57.43,0.081,116
2809,2018-03-06,Marvel Super Heroes,1.2,294.03,0.1047,127
1882,2005-03-25,Friends,0.9,262.05,0.1392,61
4445,2012-09-23,Marvel Super Heroes,1.2,644.7,0.145,76
2190,2015-10-07,Marvel Super Heroes,1.2,303.76,0.1387,80
416,2011-10-12,Harry Potter,1.1,44.2,0.1063,99
1605,2004-04-22,LEGO City,1.0,141.26,0.088,125
1659,2003-05-09,LEGO City,1.0,205.77,0.124,79
657,2005-09-11,LEGO City,1.0,87.69,0.1335,87
3868,2003-08-17,Technic,0.8,431.08,0.1114,44
975,2011-05-16,Harry Potter,1.1,122.99,0.1261,85
1154,2006-03-18,LEGO City,1.0,166.95,0.1447,59
1832,2000-02-11,Friends,0.9,156.3,0.0853,106
3274,2001-12-10,Technic,0.8,347.56,0.1062,78
1067,2007-03-03,Friends,0.9,97.73,0.0916,96
407,2008-07-18,Technic,0.8,33.54,0.0824,108
4121,2007-09-07,Star Wars,1.3,427.53,0.1037,123
2558,2018-08-13,Friends,0.9,306.49,0.1198,79
1858,2017-08-29,Technic,0.8,242.36,0.1304,64
860,2011-11-27,Technic,0.8,123.38,0.1435,53
3752,2019-01-02,Technic,0.8,530.05,0.1413,49
2117,2010-10-10,Harry Potter,1.1,268.59,0.1269,86
630,2012-03-16,LEGO City,1.0,65.98,0.1047,89
1263,2003-09-25,LEGO City,1.0,164.54,0.1303,70
313,2023-06-22,Star Wars,1.3,30.56,0.0976,116
2954,2010-08-27,LEGO City,1.0,253.53,0.0858,104
4043,2006-06-29,Marvel Super Heroes,1.2,444.93,0.11,110
2036,2009-05-01,Technic,0.8,226.12,0.1111,78
4565,2011-04-23,LEGO City,1.0,421.48,0.0923,99
2648,2003-11-27,Technic,0.8,285.7,0.1079,66
2795,2021-06-24,Star Wars,1.3,239.19,0.0856,139
2098,2021-09-23,Harry Potter,1.1,225.71,0.1076,88
4695,2002-04-29,Marvel Super Heroes,1.2,448.6,0.0955,116
1603,2021-06-25,Harry Potter,1.1,132.7,0.0828,139
1012,2005-08-07,Technic,0.8,151.72,0.1499,51
1665,2011-10-17,Friends,0.9,171.57,0.103,90
2341,2001-11-23,Friends,0.9,313.59,0.134,50
4931,2012-08-23,Marvel Super Heroes,1.2,483.84,0.0981,130
2280,2005-08-07,Star Wars,1.3,294.12,0.129,118
3004,2012-02-15,Star Wars,1.3,319.14,0.1062,117
445,2011-11-05,Harry Potter,1.1,47.29,0.1063,87
3403,2004-10-23,Friends,0.9,509.91,0.1498,67
4958,2020-01-05,LEGO City,1.0,620.97,0.1252,86
77,2017-03-07,LEGO City,1.0,6.82,0.0885,102
4856,2022-07-02,Friends,0.9,669.91,0.138,79
4964,2021-11-16,Friends,0.9,426.58,0.0859,98
3133,2023-03-27,LEGO City,1.0,452.97,0.1446,70
3787,2014-05-29,Friends,0.9,553.91,0.1463,68
2526,2014-06-15,Friends,0.9,314.92,0.1247,84
3234,2001-05-10,Harry Potter,1.1,410.79,0.127,100
2685,2011-01-01,Star Wars,1.3,304.09,0.1133,124
4545,2003-11-04,Friends,0.9,369.85,0.0814,105
1115,2014-08-29,Technic,0.8,149.54,0.1341,54
2031,2012-04-25,Star Wars,1.3,226.78,0.1117,112
2289,2020-09-18,Star Wars,1.3,235.11,0.1027,139
4100,2009-05-01,LEGO City,1.0,353.5,0.0862,102
4267,2007-02-16,Harry Potter,1.1,600.31,0.1407,71
2790,2006-07-16,Technic,0.8,255.07,0.0914,84
483,2019-03-20,Harry Potter,1.1,68.85,0.1426,71
3999,2006-12-03,Marvel Super Heroes,1.2,525.66,0.1314,100
4990,2009-11-29,Star Wars,1.3,567.53,0.1137,121
1907,2008-04-25,Harry Potter,1.1,183.59,0.0963,117
1828,2014-09-18,LEGO City,1.0,155.79,0.0852,116
4845,2023-10-12,LEGO City,1.0,480.3,0.0991,105
1169,2001-08-24,Star Wars,1.3,126.27,0.108,117
353,2011-01-05,LEGO City,1.0,34.82,0.0987,80
781,2005-07-24,LEGO City,1.0,98.54,0.1262,76
1981,2018-01-30,Friends,0.9,159.65,0.0806,123
3833,2007-09-23,Marvel Super Heroes,1.2,406.07,0.1059,113
553,2022-12-25,Technic,0.8,65.18,0.1179,60
4821,2011-05-06,Marvel Super Heroes,1.2,586.71,0.1217,110
3611,2000-08-30,Marvel Super Heroes,1.2,336.25,0.0931,143
1841,2000-07-31,Harry Potter,1.1,174.15,0.0946,107
3364,2000-07-25,Harry Potter,1.1,400.12,0.1189,102
2191,2011-05-19,Star Wars,1.3,182.72,0.0834,160
906,2008-03-13,Technic,0.8,75.46,0.0833,76
4316,2019-07-01,LEGO City,1.0,521.99,0.1209,93
2045,2016-08-23,Friends,0.9,217.67,0.1064,68
2035,2017-03-01,Star Wars,1.3,298.94,0.1469,75
1065,2011-05-17,Friends,0.9,134.22,0.126,62
3795,2005-04-24,Marvel Super Heroes,1.2,493.54,0.13,90
2044,2015-11-16,Marvel Super Heroes,1.2,221.2,0.1082,96
2930,2003-08-03,Friends,0.9,333.15,0.1137,86
2418,2011-02-28,Star Wars,1.3,239.03,0.0989,139
4028,2010-03-19,Marvel Super Heroes,1.2,367.39,0.0912,98
1929,2020-01-29,Technic,0.8,204.52,0.106,71
792,2020-06-08,Technic,0.8,63.94,0.0807,86
1853,2016-10-10,Friends,0.9,200.25,0.1081,91
1403,2016-12-30,Harry Potter,1.1,122.22,0.0871,133
3536,2017-06-15,Technic,0.8,488.7,0.1382,49
2205,2002-01-29,LEGO City,1.0,324.85,0.1473,68
965,2012-02-13,Friends,0.9,127.62,0.1323,62
3136,2020-08-22,Technic,0.8,414.45,0.1322,65
1256,2005-10-02,Technic,0.8,170.14,0.1355,59
4957,2015-09-05,Marvel Super Heroes,1.2,473.19,0.0955,127
3886,2012-05-28,Technic,0.8,568.3,0.1462,49
3533,2017-04-12,Friends,0.9,388.12,0.1099,98
2700,2021-09-23,LEGO City,1.0,244.83,0.0907,122
2104,2018-05-13,Technic,0.8,273.13,0.1298,44
2518,2022-04-02,Friends,0.9,307.34,0.1221,93
3894,2018-07-27,Harry Potter,1.1,409.18,0.1051,111
2436,2007-08-27,Star Wars,1.3,361.07,0.1482,93
3945,2021-10-02,Technic,0.8,536.32,0.1359,65
2291,2008-11-17,Technic,0.8,220.43,0.0962,74
1768,2014-01-27,Friends,0.9,181.77,0.1028,87
4566,2019-05-18,Friends,0.9,510.88,0.1119,69
3220,2015-04-02,Harry Potter,1.1,271.29,0.0843,150
4430,2003-04-22,Technic,0.8,383.51,0.0866,96
4328,2000-08-18,Harry Potter,1.1,540.22,0.1248,70
2701,2003-02-26,LEGO City,1.0,293.5,0.1087,95
4243,2016-05-25,Harry Potter,1.1,448.64,0.1057,98
262,2022-10-09,LEGO City,1.0,31.4,0.1198,80
4753,2012-05-05,LEGO City,1.0,415.43,0.0874,102
4844,2002-11-30,Star Wars,1.3,524.97,0.1084,118
698,2009-02-20,Friends,0.9,99.69,0.1428,66
3119,2007-11-04,Technic,0.8,285.59,0.0916,65
3115,2004-01-04,Harry Potter,1.1,413.55,0.1328,84
2065,2011-03-12,Harry Potter,1.1,189.93,0.092,106
3802,2002-08-04,Marvel Super Heroes,1.2,507.63,0.1335,93
103,2003-09-09,Star Wars,1.3,10.08,0.0979,106
1344,2015-06-09,Marvel Super Heroes,1.2,175.9,0.1309,89
2536,2014-04-04,Harry Potter,1.1,365.73,0.1442,80
1872,2014-03-17,Star Wars,1.3,157.6,0.0842,156
2489,2000-12-17,Friends,0.9,312.09,0.1254,93
2658,2018-11-08,Harry Potter,1.1,366.86,0.138,73
4812,2005-01-01,Star Wars,1.3,518.07,0.1077,131
926,2018-09-08,Harry Potter,1.1,122.16,0.1319,76
1764,2021-07-04,LEGO City,1.0,233.09,0.1321,64
4817,2008-01-18,Harry Potter,1.1,493.46,0.1024,119
3802,2020-10-31,Harry Potter,1.1,353.63,0.093,122
2418,2017-02-22,Friends,0.9,233.69,0.0966,81
4596,2014-08-14,Harry Potter,1.1,530.28,0.1154,110
4617,2004-07-07,Harry Potter,1.1,584.41,0.1266,81
4930,2018-03-18,Star Wars,1.3,731.72,0.1484,90
4619,2007-04-01,Harry Potter,1.1,503.89,0.1091,94
203,2009-03-01,LEGO City,1.0,16.63,0.0819,95
4721,2004-01-17,LEGO City,1.0,391.35,0.0829,121
624,2019-03-22,Technic,0.8,56.55,0.0906,97
134,2011-09-04,Marvel Super Heroes,1.2,19.96,0.1489,86
936,2016-07-08,Harry Potter,1.1,79.04,0.0844,132
964,2005-12-15,Technic,0.8,138.29,0.1435,31
1662,2007-11-17,Technic,0.8,221.66,0.1334,65
1543,2004-09-26,Marvel Super Heroes,1.2,229.95,0.149,86
2250,2009-04-04,Star Wars,1.3,328.27,0.1459,89
110,2018-01-11,Friends,0.9,15.65,0.1423,53
4477,2016-07-20,LEGO City,1.0,428.83,0.0958,121
191,2010-11-21,Friends,0.9,26.7,0.1398,60
3692,2023-03-14,Harry Potter,1.1,540.38,0.1464,77
214,2014-12-10,Friends,0.9,29.71,0.1388,53
3358,2003-11-18,Harry Potter,1.1,352.04,0.1048,117
1608,2005-12-09,Harry Potter,1.1,235.91,0.1467,70
1301,2007-03-22,Star Wars,1.3,112.5,0.0865,141
4952,2008-11-01,Technic,0.8,613.46,0.1239,41
858,2009-08-03,Star Wars,1.3,89.34,0.1041,128
4600,2018-09-20,Star Wars,1.3,520.49,0.1131,116
508,2018-04-04,Star Wars,1.3,72.6,0.1429,86
4921,2019-01-31,Technic,0.8,496.66,0.1009,83
1999,2005-04-03,Harry Potter,1.1,267.17,0.1337,69
638,2023-07-30,LEGO City,1.0,61.22,0.096,88
2213,2017-06-01,Friends,0.9,181.08,0.0818,111
2004,2016-06-14,Marvel Super Heroes,1.2,166.12,0.0829,132
2316,2023-03-28,Technic,0.8,310.66,0.1341,60
2250,2000-08-13,Friends,0.9,314.82,0.1399,65
4166,2004-01-23,Marvel Super Heroes,1.2,578.95,0.139,93
504,2005-12-21,LEGO City,1.0,40.82,0.081,127
1386,2019-04-04,Harry Potter,1.1,193.19,0.1394,69
803,2009-06-30,Friends,0.9,85.91,0.107,99
1698,2008-10-18,LEGO City,1.0,141.24,0.0832,127
1228,2013-06-10,Marvel Super Heroes,1.2,165.43,0.1347,105
1983,2019-03-28,Star Wars,1.3,178.0,0.0898,139
4144,2014-07-29,Marvel Super Heroes,1.2,432.14,0.1043,118
4376,2009-11-02,Friends,0.9,576.99,0.1319,65
4039,2004-01-16,Friends,0.9,538.44,0.1333,72
229,2010-10-03,Technic,0.8,23.01,0.1005,76
3579,2023-06-05,Star Wars,1.3,365.2,0.102,119
3678,2012-06-09,Friends,0.9,527.71,0.1435,54
1978,2016-05-17,LEGO City,1.0,282.29,0.1427,75
3948,2006-02-26,Star Wars,1.3,376.59,0.0954,136
4114,2000-10-17,Harry Potter,1.1,522.56,0.127,86
3597,2016-05-06,Technic,0.8,476.27,0.1324,61
4625,2007-05-08,Technic,0.8,683.51,0.1478,68
2252,2014-03-10,Star Wars,1.3,295.9,0.1314,117
765,2008-05-04,Marvel Super Heroes,1.2,64.26,0.084,146
241,2006-11-21,Star Wars,1.3,29.5,0.1224,105
1703,2021-12-29,Star Wars,1.3,218.26,0.1282,95
1032,2016-12-08,Technic,0.8,116.77,0.1131,82
4649,2022-11-25,LEGO City,1.0,426.76,0.0918,104
773,2023-12-23,Harry Potter,1.1,97.76,0.1265,89
3478,2006-04-01,Harry Potter,1.1,429.41,0.1235,86
3778,2003-05-09,Harry Potter,1.1,430.76,0.114,98
4035,2012-09-12,LEGO City,1.0,488.51,0.1211,76
3664,2002-08-22,Marvel Super Heroes,1.2,360.11,0.0983,103
3601,2001-02-16,Star Wars,1.3,337.61,0.0938,137
4600,2017-12-19,Harry Potter,1.1,474.62,0.1032,106
4444,2004-09-03,Star Wars,1.3,433.27,0.0975,128
1793,2011-04-14,Star Wars,1.3,267.81,0.1494,84
1558,2015-05-23,Star Wars,1.3,158.27,0.1016,139
2516,2008-06-19,Star Wars,1.3,321.38,0.1277,100
4954,2013-11-15,Technic,0.8,405.35,0.0818,81
641,2012-08-04,LEGO City,1.0,65.32,0.1019,108
4827,2002-06-20,Friends,0.9,667.27,0.1382,65
4109,2004-06-20,Friends,0.9,378.91,0.0922,99
4428,2016-03-05,Marvel Super Heroes,1.2,646.41,0.146,88
4730,2021-01-29,LEGO City,1.0,549.61,0.1162,79
1419,2001-10-23,Star Wars,1.3,206.31,0.1454,95
4635,2018-02-02,Harry Potter,1.1,423.75,0.0914,118
2315,2013-03-04,Technic,0.8,202.16,0.0873,95
1223,2021-03-26,Star Wars,1.3,170.09,0.1391,85
2585,2017-11-18,Technic,0.8,310.41,0.1201,61
2067,2002-02-20,Friends,0.9,207.48,0.1004,68
3845,2013-05-06,Technic,0.8,465.09,0.121,65
3598,2006-11-05,LEGO City,1.0,527.98,0.1467,63
4638,2005-06-06,Marvel Super Heroes,1.2,648.34,0.1398,85
4471,2023-07-16,Technic,0.8,377.5,0.0844,113
4296,2021-02-25,Friends,0.9,427.66,0.0995,101
4190,2010-07-14,Harry Potter,1.1,604.43,0.1443,74
3016,2022-03-24,Friends,0.9,408.54,0.1355,73
2004,2023-09-29,Technic,0.8,192.97,0.0963,91
1484,2018-11-23,LEGO City,1.0,191.97,0.1294,90
2477,2022-06-08,Technic,0.8,202.45,0.0817,85
3688,2012-04-28,LEGO City,1.0,493.18,0.1337,82
993,2007-06-06,LEGO City,1.0,130.54,0.1315,85
239,2003-04-17,LEGO City,1.0,25.36,0.1061,92
4037,2007-03-14,Harry Potter,1.1,380.92,0.0944,108
3908,2013-08-01,Harry Potter,1.1,543.48,0.1391,84
2106,2005-12-26,Harry Potter,1.1,277.88,0.1319,71
3627,2010-01-12,Marvel Super Heroes,1.2,309.13,0.0852,132
1870,2021-09-19,Friends,0.9,270.41,0.1446,61
2512,2011-05-03,Marvel Super Heroes,1.2,371.0,0.1477,90
1033,2009-05-27,Friends,0.9,149.09,0.1443,60
1423,2020-01-16,Marvel Super Heroes,1.2,128.14,0.09,155
3208,2001-01-07,LEGO City,1.0,290.58,0.0906,99
4014,2017-10-19,Marvel Super Heroes,1.2,364.08,0.0907,127
4407,2009-03-12,LEGO City,1.0,484.86,0.11,102
1272,2008-08-27,Star Wars,1.3,171.42,0.1348,106
1790,2001-04-09,Technic,0.8,255.35,0.1427,52
1156,2020-08-15,Technic,0.8,137.04,0.1185,78
3600,2004-07-03,Technic,0.8,379.82,0.1055,74
2064,2016-11-02,Star Wars,1.3,185.57,0.0899,152
4183,2009-03-12,Star Wars,1.3,590.28,0.1411,94
4085,2019-04-28,Harry Potter,1.1,575.28,0.1408,83
4958,2017-08-19,Friends,0.9,725.4,0.1463,53
3183,2002-06-02,Technic,0.8,388.27,0.122,66
4916,2014-04-12,Star Wars,1.3,645.16,0.1312,97
464,2004-04-21,Marvel Super Heroes,1.2,63.63,0.1371,93
4279,2020-10-07,Harry Potter,1.1,466.11,0.1089,108
3767,2023-01-17,Harry Potter,1.1,550.89,0.1462,77
853,2022-06-04,Technic,0.8,105.34,0.1235,52
4126,2008-02-23,Star Wars,1.3,590.23,0.1431,90
2034,2011-04-22,Star Wars,1.3,298.22,0.1466,81
3090,2009-11-16,Technic,0.8,267.76,0.0867,114
253,2017-09-08,Star Wars,1.3,23.28,0.092,135
2113,2012-07-05,Star Wars,1.3,243.38,0.1152,105
3268,2017-02-12,Marvel Super Heroes,1.2,276.05,0.0845,122
2617,2014-03-18,Harry Potter,1.1,246.06,0.094,133
4907,2011-03-20,Technic,0.8,462.87,0.0943,86
4491,2023-06-25,Marvel Super Heroes,1.2,591.47,0.1317,82
1144,2017-03-21,LEGO City,1.0,139.9,0.1223,73
